Messgerät,Messwert,Person,Monat
Thermometer,3.4908728081497475,Bernd,Jan
Laser,28.745888839551657,Ada,Jan
Radiometer,13,Carina,Jan
Radiometer,36.45671667148159,Bernd,Jan
Radiometer,0,Carina,Jan
Laser,25.228824197470434,Bernd,Jan
Thermometer,12.088259019793334,Daniel,Jan
Radiometer,5.962894068477375,Ada,Jan
Laser,8.454360557198282,Daniel,Jan
Radiometer,15.700852555173494,Ada,Jan
Thermometer,10,Carina,Jan
Thermometer,96.12927582844736,Ada,Jan
Thermometer,34,Carina,Jan
Thermometer,49.50020222780078,Bernd,Jan
Laser,5.6560972648900805,Bernd,Jan
Radiometer,2.01849285872868,Daniel,Jan
Thermometer,30.60230029997495,Ada,Jan
Laser,66.67744601288467,Ada,Jan
Laser,4.812391943593536,Bernd,Jan
Radiometer,44.94723712793419,Bernd,Jan
Thermometer,1.8327336189707926,Daniel,Jan
Radiometer,1,Carina,Jan
Thermometer,57.46071289515009,Ada,Jan
Thermometer,74.14279370397394,Ada,Jan
Thermometer,85.77347740222181,Ada,Jan
Radiometer,27.11980536756591,Bernd,Jan
Laser,0.0,Daniel,Jan
Thermometer,27.306982791058932,Ada,Jan
Radiometer,48.79584242250725,Ada,Jan
Thermometer,49.03251447373942,Bernd,Jan
Thermometer,36.19898438498102,Ada,Jan
Thermometer,39.47532496204403,Daniel,Jan
Radiometer,2.7754120424200215,Daniel,Jan
Radiometer,70.96795265930685,Ada,Jan
Thermometer,1,Carina,Jan
Thermometer,33.69560762663512,Bernd,Jan
Radiometer,3.69509464043922,Daniel,Jan
Laser,38.608657507797815,Bernd,Jan
Radiometer,29.84146368432573,Ada,Jan
Thermometer,1,Carina,Jan
Radiometer,4.6833612966347395,Daniel,Jan
Laser,42.2198048174237,Ada,Jan
Thermometer,25,Carina,Jan
Thermometer,9.032501627642686,Ada,Jan
Radiometer,11.292915572209905,Bernd,Jan
Radiometer,55.830010829667465,Ada,Jan
Radiometer,28.01347160020263,Ada,Jan
Laser,39.91717685850244,Ada,Jan
Thermometer,19,Carina,Jan
Radiometer,6.259173550270189,Daniel,Jan
Laser,8,Carina,Jan
Radiometer,32,Carina,Jan
Thermometer,24,Carina,Jan
Radiometer,5.509379055306287,Daniel,Jan
Radiometer,9,Carina,Jan
Laser,46.545731374258786,Bernd,Jan
Radiometer,24.414678163921653,Daniel,Jan
Laser,30.77685427439705,Daniel,Jan
Radiometer,1,Carina,Jan
Laser,41.436822569804974,Ada,Jan
Thermometer,9.7264368529968,Bernd,Jan
Thermometer,38.8199336417838,Bernd,Jan
Radiometer,60.377436965273,Ada,Jan
Laser,19.52714901365026,Ada,Jan
Thermometer,32,Carina,Jan
Laser,33,Carina,Jan
Radiometer,0.7006883781623179,Daniel,Jan
Thermometer,42.78873965476381,Ada,Jan
Radiometer,0.7626086719342173,Ada,Jan
Radiometer,18,Carina,Jan
Radiometer,27,Carina,Jan
Thermometer,22.388092542081004,Bernd,Jan
Thermometer,22.90548652918303,Bernd,Jan
Radiometer,54.253167006860316,Ada,Jan
Laser,8.190232226614564,Bernd,Jan
Laser,32.39814724712496,Bernd,Jan
Laser,20.074964274170654,Daniel,Jan
Laser,0,Carina,Jan
Thermometer,19,Carina,Jan
Radiometer,10.323589100303227,Bernd,Jan
Laser,6,Carina,Jan
Thermometer,42.913774048353105,Ada,Jan
Radiometer,9.910172323496239,Daniel,Jan
Thermometer,24,Carina,Jan
Thermometer,22,Carina,Jan
Radiometer,11.118827328919389,Ada,Jan
Radiometer,98.16207596615426,Ada,Jan
Radiometer,58.62154201911637,Ada,Jan
Laser,31,Carina,Jan
Laser,97.33843018930602,Ada,Jan
Thermometer,40.529427922989996,Bernd,Jan
Thermometer,63.47104540918295,Ada,Jan
Radiometer,47.896431420568064,Bernd,Jan
Radiometer,17.173015806709728,Bernd,Jan
Laser,59.99700205015296,Ada,Jan
Laser,22,Carina,Jan
Radiometer,21,Carina,Jan
Radiometer,8,Carina,Jan
Laser,74.69447793837335,Ada,Jan
Laser,57.75569221938744,Ada,Jan
Radiometer,7.725230949338691,Bernd,Jan
Thermometer,12,Carina,Jan
Laser,3.12625222398712,Daniel,Jan
Thermometer,0.7250803798440888,Daniel,Jan
Thermometer,41.15912013093907,Bernd,Jan
Thermometer,8.271138013289098,Daniel,Jan
Laser,26,Carina,Jan
Laser,9.420091738624164,Bernd,Jan
Laser,16.48933161879484,Bernd,Jan
Thermometer,0,Carina,Jan
Laser,5.77817085939772,Daniel,Jan
Radiometer,7,Carina,Jan
Thermometer,7.605326512309551,Daniel,Jan
Thermometer,28.798331755835875,Daniel,Jan
Thermometer,3.1426896269601197,Daniel,Jan
Laser,4.72574446385019,Ada,Jan
Radiometer,9.047603377345409,Bernd,Jan
Radiometer,23,Carina,Jan
Radiometer,3.0221790669417308,Daniel,Jan
Laser,4.4910158922008,Ada,Jan
Radiometer,19,Carina,Jan
Thermometer,11.053198486690338,Daniel,Jan
Thermometer,13.606414456762533,Bernd,Jan
Thermometer,15,Carina,Jan
Laser,1.7445143072787772,Bernd,Jan
Laser,9.010404589441393,Daniel,Jan
Thermometer,22,Carina,Jan
Laser,11.202098734514914,Bernd,Jan
Radiometer,21.434335750220434,Daniel,Jan
Thermometer,18,Carina,Jan
Radiometer,6.887250588174487,Bernd,Jan
Radiometer,30.928058732497355,Bernd,Jan
Laser,11.989443696438602,Daniel,Jan
Laser,1,Carina,Jan
Laser,35,Carina,Jan
Radiometer,44.76869405562166,Daniel,Jan
Laser,43.94272882245478,Ada,Jan
Laser,1.3523194841925403,Daniel,Jan
Thermometer,5.928310299599252,Daniel,Jan
Laser,43.206767852468296,Bernd,Jan
Radiometer,25.359010904637884,Bernd,Jan
Laser,34.21000896736896,Ada,Jan
Laser,61.80656751893654,Ada,Jan
Thermometer,25,Carina,Jan
Laser,26.507772730490753,Bernd,Jan
Thermometer,0.0,Daniel,Feb
Laser,66.13585334142952,Ada,Feb
Radiometer,41.79639620419847,Bernd,Feb
Radiometer,47.43648347619375,Ada,Feb
Thermometer,20,Carina,Feb
Radiometer,7.377046876956857,Daniel,Feb
Radiometer,86.88169550002642,Ada,Feb
Thermometer,13,Carina,Feb
Laser,44.24155942069725,Daniel,Feb
Radiometer,29,Carina,Feb
Laser,52.61442505250563,Ada,Feb
Radiometer,2.24305675883012,Ada,Feb
Thermometer,14.942444878898211,Daniel,Feb
Radiometer,11.907409162444209,Daniel,Feb
Thermometer,3.76950788733717,Bernd,Feb
Thermometer,3.7061476649873093,Daniel,Feb
Laser,20.94170255096472,Bernd,Feb
Thermometer,48.515409248301495,Bernd,Feb
Laser,1.2827545086760834,Daniel,Feb
Radiometer,8.926319129285753,Bernd,Feb
Radiometer,44.652560064074336,Bernd,Feb
Radiometer,16.193231043765238,Bernd,Feb
Laser,14.707389735159172,Bernd,Feb
Laser,3.234128944586758,Daniel,Feb
Radiometer,0,Carina,Feb
Thermometer,1.0201806452566518,Daniel,Feb
Laser,31,Carina,Feb
Thermometer,91.3065064171218,Ada,Feb
Radiometer,32.75572690954416,Ada,Feb
Laser,8.718727355381334,Bernd,Feb
Radiometer,19,Carina,Feb
Laser,1.7666506231904022,Bernd,Feb
Laser,9,Carina,Feb
Radiometer,36.82454841176978,Ada,Feb
Thermometer,8.383106231488814,Bernd,Feb
Laser,19.725172832505848,Daniel,Feb
Laser,27.90436064494041,Bernd,Feb
Laser,5.83931111074093,Ada,Feb
Laser,33,Carina,Feb
Laser,44.15637291632888,Bernd,Feb
Thermometer,31.903640660839564,Daniel,Feb
Laser,0.04805481160452174,Daniel,Feb
Thermometer,24,Carina,Feb
Laser,1.6503851559160898,Bernd,Feb
Thermometer,19,Carina,Feb
Thermometer,24.363821735804613,Ada,Feb
Thermometer,75.26017951907463,Ada,Feb
Radiometer,27,Carina,Feb
Radiometer,19.292475361212986,Bernd,Feb
Laser,77.11791382500552,Ada,Feb
Laser,29.665800358134888,Ada,Feb
Laser,39.958220461117065,Daniel,Feb
Thermometer,46.8003453979436,Ada,Feb
Radiometer,16.629885181615155,Daniel,Feb
Radiometer,0.6746581585700375,Daniel,Feb
Laser,21.181106248929936,Daniel,Feb
Thermometer,80.16468660644566,Ada,Feb
Thermometer,23.217234178221908,Daniel,Feb
Thermometer,26.35527197514688,Bernd,Feb
Radiometer,9.229480106600596,Bernd,Feb
Laser,27.8571750781907,Ada,Feb
Thermometer,34.137473408941055,Ada,Feb
Laser,16.37455120733457,Bernd,Feb
Thermometer,62.772170248274165,Ada,Feb
Laser,39.36849679763923,Bernd,Feb
Radiometer,25.03483143041707,Ada,Feb
Radiometer,69.79640514584727,Ada,Feb
Radiometer,45.26900159079129,Ada,Feb
Thermometer,0.7883787645868424,Daniel,Feb
Radiometer,29,Carina,Feb
Laser,35.68199761273842,Bernd,Feb
Thermometer,21.83291370468488,Bernd,Feb
Radiometer,34,Carina,Feb
Thermometer,18,Carina,Feb
Thermometer,15,Carina,Feb
Radiometer,16,Carina,Feb
Thermometer,19,Carina,Feb
Radiometer,18,Carina,Feb
Thermometer,35.50238595880386,Ada,Feb
Thermometer,5,Carina,Feb
Laser,13,Carina,Feb
Thermometer,73.92835334564187,Ada,Feb
Thermometer,39.35104322246234,Daniel,Feb
Radiometer,32.02746913484194,Ada,Feb
Laser,30,Carina,Feb
Radiometer,46.4233373845148,Bernd,Feb
Radiometer,3.249886527731599,Daniel,Feb
Thermometer,8.499903551628352,Bernd,Feb
Thermometer,82.04369349208199,Ada,Feb
Radiometer,10.269407797230791,Daniel,Feb
Thermometer,14.09453536799219,Ada,Feb
Thermometer,30.45313964890154,Daniel,Feb
Thermometer,18.531138049371094,Bernd,Feb
Thermometer,36.03714815927161,Bernd,Feb
Thermometer,2.8888012386665327,Daniel,Feb
Laser,24.47985642001134,Daniel,Feb
Thermometer,7,Carina,Feb
Radiometer,25.313904585477832,Ada,Feb
Thermometer,32.533473845745746,Bernd,Feb
Laser,36.16882900629365,Bernd,Feb
Laser,11.818465473051331,Ada,Feb
Thermometer,12.080206343842836,Daniel,Feb
Thermometer,10,Carina,Feb
Thermometer,0.03603163632007744,Bernd,Feb
Laser,85.09899008766958,Ada,Feb
Radiometer,45.212772238746396,Bernd,Feb
Thermometer,13,Carina,Feb
Laser,7,Carina,Feb
Thermometer,15.218990664688736,Ada,Feb
Radiometer,1,Carina,Feb
Thermometer,18,Carina,Feb
Thermometer,1.9875900744801789,Daniel,Feb
Thermometer,89.26483728581984,Ada,Feb
Radiometer,31.28545404342068,Ada,Feb
Laser,12.524110649106607,Bernd,Feb
Laser,34,Carina,Feb
Thermometer,35,Carina,Feb
Thermometer,34,Carina,Feb
Laser,12.565608014340611,Bernd,Feb
Laser,3.7844040282259184,Ada,Feb
Radiometer,32.25234076973582,Bernd,Feb
Thermometer,11,Carina,Feb
Radiometer,37.67349699005217,Ada,Feb
Laser,46.304298587644425,Ada,Mär
Thermometer,44.61464524309173,Ada,Mär
Radiometer,27,Carina,Mär
Radiometer,27,Carina,Mär
Radiometer,30.489207481331714,Daniel,Mär
Radiometer,8.454864977228503,Daniel,Mär
Laser,9.244537041955647,Ada,Mär
Thermometer,33,Carina,Mär
Radiometer,19.191915860899776,Ada,Mär
Thermometer,15.768882874981475,Daniel,Mär
Thermometer,56.93312008594713,Ada,Mär
Radiometer,6.8190799199746905,Daniel,Mär
Thermometer,42.50863813385616,Bernd,Mär
Laser,68.42323310609014,Ada,Mär
Laser,0,Carina,Mär
Thermometer,29.725682974551898,Bernd,Mär
Radiometer,4.440662741222368,Daniel,Mär
Laser,27,Carina,Mär
Laser,7.081727323025854,Daniel,Mär
Radiometer,37.25004839228809,Ada,Mär
Thermometer,7,Carina,Mär
Thermometer,74.3283148577321,Ada,Mär
Radiometer,29.967329441534872,Bernd,Mär
Laser,47.45429722163108,Ada,Mär
Radiometer,26.693188526188333,Bernd,Mär
Radiometer,51.89961005096245,Ada,Mär
Thermometer,13.708640640395242,Daniel,Mär
Laser,23,Carina,Mär
Thermometer,32.40132106894207,Bernd,Mär
Laser,26,Carina,Mär
Laser,30.56149328476401,Bernd,Mär
Thermometer,29.671762129415967,Bernd,Mär
Thermometer,11.307299791865475,Daniel,Mär
Radiometer,10.389743807611845,Daniel,Mär
Laser,42.36511856493752,Bernd,Mär
Radiometer,30,Carina,Mär
Radiometer,35,Carina,Mär
Laser,2.8681161525814325,Daniel,Mär
Radiometer,80.57772841497591,Ada,Mär
Radiometer,13.247406038603676,Bernd,Mär
Laser,88.05505044882614,Ada,Mär
Thermometer,21.201428626931897,Ada,Mär
Laser,9,Carina,Mär
Radiometer,15.225770881364495,Daniel,Mär
Radiometer,56.5177323179327,Ada,Mär
Radiometer,0.0,Daniel,Mär
Laser,16.53117199811168,Bernd,Mär
Radiometer,4,Carina,Mär
Thermometer,88.37436013639048,Ada,Mär
Laser,42.12501272622396,Ada,Mär
Radiometer,6.932266469822329,Bernd,Mär
Radiometer,7.372266186959219,Ada,Mär
Laser,9.888315820165287,Daniel,Mär
Thermometer,32,Carina,Mär
Laser,1.348490239868938,Daniel,Mär
Laser,20.43463741368747,Bernd,Mär
Thermometer,20.638681053973315,Daniel,Mär
Laser,16.122700500813103,Daniel,Mär
Thermometer,81.03426328783713,Ada,Mär
Laser,18,Carina,Mär
Laser,73.57407249819087,Ada,Mär
Radiometer,20.123060414485426,Daniel,Mär
Thermometer,2.497852634907416,Ada,Mär
Laser,33.62423844522148,Bernd,Mär
Laser,26,Carina,Mär
Radiometer,31,Carina,Mär
Laser,2.8445424596526916,Daniel,Mär
Laser,31.35475836493316,Bernd,Mär
Laser,13.770294818531525,Ada,Mär
Laser,42.08504601523174,Ada,Mär
Laser,83.01299807329684,Ada,Mär
Thermometer,17.68863275219633,Daniel,Mär
Thermometer,30.40202264572661,Bernd,Mär
Thermometer,1.2477627771481123,Daniel,Mär
Thermometer,2.6450742227542676,Bernd,Mär
Radiometer,37.77887313739452,Bernd,Mär
Radiometer,60.57022623375272,Ada,Mär
Thermometer,16.203459763791255,Daniel,Mär
Laser,31.161725027519125,Bernd,Mär
Radiometer,37.86889676722412,Ada,Mär
Laser,0.5364986687864781,Ada,Mär
Thermometer,40.14254256352399,Ada,Mär
Thermometer,11,Carina,Mär
Radiometer,0.25547167435341356,Bernd,Mär
Thermometer,46.311579065984674,Daniel,Mär
Thermometer,0.7148615797810787,Bernd,Mär
Radiometer,0.08851416229709763,Daniel,Mär
Laser,32,Carina,Mär
Thermometer,2.943775257120751,Daniel,Mär
Laser,5.4382221787329605,Daniel,Mär
Laser,20,Carina,Mär
Thermometer,13.319197294050355,Ada,Mär
Radiometer,17.620784227438335,Bernd,Mär
Thermometer,15.715303919296966,Daniel,Mär
Thermometer,29.799900746466367,Bernd,Mär
Laser,32,Carina,Mär
Thermometer,1.292535871937106,Bernd,Mär
Laser,21,Carina,Mär
Thermometer,8.45929437854036,Bernd,Mär
Laser,28,Carina,Mär
Laser,29,Carina,Mär
Laser,18,Carina,Mär
Radiometer,31.899194243864937,Ada,Mär
Radiometer,1,Carina,Mär
Laser,15.886055919255499,Bernd,Mär
Radiometer,12.47179255901304,Bernd,Mär
Thermometer,38.894765701522225,Bernd,Mär
Thermometer,9,Carina,Mär
Radiometer,61.92803402483842,Ada,Mär
Laser,4.534182028696535,Daniel,Mär
Thermometer,7,Carina,Apr
Laser,9,Carina,Apr
Thermometer,29,Carina,Apr
Laser,35.81919984993596,Daniel,Apr
Laser,12,Carina,Apr
Thermometer,26,Carina,Apr
Radiometer,13,Carina,Apr
Radiometer,76.07917752518722,Ada,Apr
Radiometer,25,Carina,Apr
Radiometer,9.179978150896645,Daniel,Apr
Laser,12.222071321868702,Daniel,Apr
Radiometer,14,Carina,Apr
Radiometer,33,Carina,Apr
Thermometer,16,Carina,Apr
Laser,17,Carina,Apr
Laser,30,Carina,Apr
Radiometer,13.51969552305124,Bernd,Apr
Thermometer,5.3200544271448305,Daniel,Apr
Radiometer,4.759628392550781,Daniel,Apr
Thermometer,11.721704130316901,Bernd,Apr
Laser,9.616715647310226,Ada,Apr
Laser,38.48418095618397,Ada,Apr
Radiometer,17,Carina,Apr
Thermometer,33,Carina,Apr
Laser,25.77544274226315,Bernd,Apr
Thermometer,8.559697536764588,Ada,Apr
Laser,64.68656120474323,Ada,Apr
Radiometer,70.65122756578269,Ada,Apr
Laser,26,Carina,Apr
Radiometer,35,Carina,Apr
Laser,47.7053682254823,Ada,Apr
Laser,53.23256240595568,Ada,Apr
Radiometer,28.764491198330976,Bernd,Apr
Laser,23,Carina,Apr
Thermometer,32,Carina,Apr
Thermometer,58.93880265290631,Ada,Apr
Laser,9.04678698563511,Daniel,Apr
Radiometer,8,Carina,Apr
Laser,34.4967071234358,Bernd,Apr
Thermometer,4,Carina,Apr
Laser,14.050866453780047,Bernd,Apr
Thermometer,15.873071575530805,Daniel,Apr
Laser,2,Carina,Apr
Radiometer,99.37249101846024,Ada,Apr
Thermometer,38.35214102496266,Ada,Apr
Laser,6.743876934873427,Ada,Apr
Thermometer,5.784271145836495,Ada,Apr
Thermometer,19.299292791863575,Daniel,Apr
Radiometer,27.126771436594385,Daniel,Apr
Radiometer,9.396603615220494,Daniel,Apr
Radiometer,13.22886946678815,Bernd,Apr
Laser,39.849361398382484,Bernd,Apr
Laser,40.11020224328298,Bernd,Apr
Laser,33,Carina,Apr
Laser,28,Carina,Apr
Radiometer,34.69779081405353,Daniel,Apr
Radiometer,11.857197887821961,Daniel,Apr
Thermometer,29.77732030237073,Bernd,Apr
Radiometer,21.208213316938146,Bernd,Apr
Thermometer,2.4277385001734615,Daniel,Apr
Thermometer,26,Carina,Apr
Laser,3.286214173475778,Daniel,Apr
Radiometer,6.171694050224719,Bernd,Apr
Laser,9,Carina,Apr
Radiometer,38.272883730157176,Bernd,Apr
Thermometer,42.62639712157276,Ada,Apr
Radiometer,3.354573637657669,Daniel,Apr
Laser,12.25249522540982,Ada,Apr
Thermometer,22,Carina,Apr
Radiometer,0.5304015871163972,Daniel,Apr
Laser,27.015664507606107,Daniel,Apr
Thermometer,29,Carina,Apr
Thermometer,24,Carina,Apr
Radiometer,5,Carina,Apr
Radiometer,26.21233299696868,Ada,Apr
Laser,4.082991344193654,Bernd,Apr
Radiometer,5.744987253781519,Bernd,Apr
Thermometer,0,Carina,Apr
Radiometer,16.78456005360434,Daniel,Apr
Radiometer,84.80269973125527,Ada,Apr
Thermometer,4,Carina,Apr
Thermometer,32.39481891149909,Ada,Apr
Radiometer,63.90508535308569,Ada,Apr
Laser,2,Carina,Apr
Radiometer,1.2201994363851554,Bernd,Apr
Laser,0,Carina,Apr
Thermometer,3,Carina,Apr
Radiometer,32,Carina,Apr
Thermometer,85.65635274640738,Ada,Apr
Laser,0,Carina,Apr
Laser,8.147519881650862,Bernd,Apr
Thermometer,45.920774233062566,Ada,Apr
Radiometer,8.772633700118353,Daniel,Apr
Laser,2.1009477918458854,Daniel,Apr
Laser,37.61027261243398,Bernd,Apr
Thermometer,83.13966230226518,Ada,Apr
Laser,25,Carina,Apr
Radiometer,36.33857818501145,Bernd,Apr
Radiometer,21,Carina,Apr
Thermometer,8.053797084491976,Bernd,Apr
Laser,9.982107171701362,Daniel,Apr
Radiometer,0.12488440312821258,Daniel,Apr
Thermometer,0.5000561793313985,Bernd,Apr
Thermometer,27,Carina,Apr
Thermometer,5,Carina,Apr
Thermometer,3.4057085486991907,Daniel,Apr
Laser,3,Carina,Apr
Radiometer,9.719996255622068,Daniel,Apr
Thermometer,82.90546662198689,Ada,Apr
Radiometer,14.854511191252872,Daniel,Apr
Thermometer,18,Carina,Apr
Laser,16.18179990969262,Daniel,Apr
Radiometer,36.282131896215134,Daniel,Apr
Thermometer,62.08770112857028,Ada,Apr
Radiometer,2.2236165861088897,Ada,Apr
Laser,35.73634452486424,Bernd,Apr
Radiometer,31,Carina,Apr
Thermometer,23,Carina,Apr
Radiometer,0.0,Daniel,Apr
Thermometer,1.4499403622332485,Ada,Apr
Thermometer,8.9822162615116,Bernd,Apr
Radiometer,40.026833187083355,Ada,Apr
Radiometer,18,Carina,Apr
Radiometer,88.05175452687361,Ada,Apr
Thermometer,54.255016531616526,Ada,Apr
Radiometer,11.061406227431803,Ada,Apr
Laser,27.953781772143326,Ada,Apr
Thermometer,50.05154812567791,Ada,Apr
Thermometer,19.597216064916644,Daniel,Apr
Radiometer,13,Carina,Apr
Thermometer,51.48762825410289,Ada,Apr
Thermometer,6.807841594914532,Bernd,Apr
Laser,15,Carina,Apr
Thermometer,16.826890645923203,Bernd,Apr
Thermometer,14,Carina,Apr
Laser,14.636903040698346,Ada,Apr
Radiometer,16.733814791112316,Bernd,Apr
Thermometer,44.11344587784099,Bernd,Apr
Thermometer,23.99368169580066,Ada,Apr
Laser,17,Carina,Apr
Radiometer,0.0,Daniel,Apr
Thermometer,20,Carina,Apr
Thermometer,17.867944398042056,Bernd,Apr
Radiometer,9.53836753734905,Daniel,Mai
Radiometer,45.536377677665655,Bernd,Mai
Thermometer,26,Carina,Mai
Radiometer,22.27041692497636,Daniel,Mai
Radiometer,24,Carina,Mai
Radiometer,2.636283124133981,Daniel,Mai
Radiometer,29.130723813988613,Daniel,Mai
Radiometer,24,Carina,Mai
Radiometer,20.478334747106253,Ada,Mai
Laser,70.26521516437899,Ada,Mai
Radiometer,38.75636565283085,Bernd,Mai
Laser,31.67964053336882,Bernd,Mai
Laser,18.93919541007731,Daniel,Mai
Radiometer,24.01116118473958,Bernd,Mai
Thermometer,36.41853354025928,Bernd,Mai
Thermometer,5.796065605476381,Daniel,Mai
Laser,0,Carina,Mai
Laser,21,Carina,Mai
Laser,25,Carina,Mai
Laser,12,Carina,Mai
Thermometer,54.9897450112953,Ada,Mai
Radiometer,35,Carina,Mai
Radiometer,4.121523459983163,Daniel,Mai
Thermometer,1.4545385880878339,Daniel,Mai
Laser,28,Carina,Mai
Thermometer,49.575156853194386,Bernd,Mai
Thermometer,49.988263851850455,Bernd,Mai
Radiometer,4.340878273984866,Bernd,Mai
Radiometer,13.95994513217445,Daniel,Mai
Laser,27.831303915061014,Bernd,Mai
Radiometer,0.93419532157642,Daniel,Mai
Radiometer,47.07164659383712,Ada,Mai
Thermometer,44.224989389619004,Ada,Mai
Laser,12.256908812713482,Daniel,Mai
Radiometer,40.012846564977636,Bernd,Mai
Thermometer,2.460758479983768,Daniel,Mai
Radiometer,2,Carina,Mai
Thermometer,1,Carina,Mai
Thermometer,11.884765098202882,Bernd,Mai
Radiometer,38.082443841648775,Bernd,Mai
Radiometer,4.280469330128966,Ada,Mai
Laser,35.87375740594469,Bernd,Mai
Laser,0.5666498971922862,Daniel,Mai
Radiometer,23.440232335882694,Bernd,Mai
Radiometer,29.65721353841575,Daniel,Mai
Laser,39.360314264592425,Daniel,Mai
Laser,3.174837960033816,Ada,Mai
Thermometer,44.85486003570839,Ada,Mai
Laser,29.750590870175188,Ada,Mai
Laser,38.074652766099234,Bernd,Mai
Radiometer,2,Carina,Mai
Thermometer,7.771330049695794,Daniel,Mai
Thermometer,23.45470122709766,Daniel,Jun
Laser,37.19397970717539,Bernd,Jun
Thermometer,9.966114739906567,Bernd,Jun
Radiometer,6,Carina,Jun
Radiometer,3.8462455031484497,Daniel,Jun
Thermometer,93.39728038547885,Ada,Jun
Radiometer,56.10258800032666,Ada,Jun
Laser,64.749476985504,Ada,Jun
Radiometer,9.74469455372837,Daniel,Jun
Laser,43.18430294362218,Ada,Jun
Radiometer,46.48939297352344,Bernd,Jun
Laser,21.05686911693192,Ada,Jun
Radiometer,96.56037258309745,Ada,Jun
Thermometer,23.679917124426087,Daniel,Jun
Laser,10,Carina,Jun
Radiometer,25.3257440301098,Ada,Jun
Radiometer,3,Carina,Jun
Laser,38.954265130579,Daniel,Jun
Thermometer,15.812327613290089,Ada,Jun
Laser,74.63178908665445,Ada,Jun
Radiometer,1.1323611077720952,Ada,Jun
Laser,4.207621619109175,Daniel,Jun
Thermometer,0.0,Daniel,Jun
Radiometer,47.33009697493619,Bernd,Jun
Laser,36.18909106235934,Bernd,Jun
Thermometer,4.576049047413247,Daniel,Jun
Thermometer,28,Carina,Jun
Radiometer,77.20063630063075,Ada,Jun
Radiometer,22,Carina,Jun
Radiometer,33.22645234738121,Daniel,Jun
Radiometer,15,Carina,Jun
Laser,35,Carina,Jun
Laser,3.9777225427953815,Daniel,Jun
Thermometer,24.29897024902451,Ada,Jun
Radiometer,34,Carina,Jun
Laser,22.862151613275554,Bernd,Jun
Thermometer,67.7363752651199,Ada,Jun
Thermometer,8.48236958917608,Bernd,Jun
Radiometer,14.811660156762041,Daniel,Jun
Radiometer,5.028744835143607,Daniel,Jun
Radiometer,97.56473360214916,Ada,Jun
Radiometer,27,Carina,Jun
Thermometer,11.091639615023164,Ada,Jun
Radiometer,11.900858185193993,Daniel,Jun
Thermometer,16,Carina,Jun
Radiometer,93.83232265180654,Ada,Jun
Laser,46.58813493218591,Ada,Jun
Laser,3.0287379066783693,Daniel,Jun
Thermometer,73.34646920491576,Ada,Jun
Laser,34.02173331139302,Daniel,Jun
Laser,80.22846798931546,Ada,Jun
Radiometer,10.751038002200284,Daniel,Jun
Laser,41.284333604148785,Bernd,Jun
Laser,5.53030051847354,Daniel,Jun
Thermometer,85.61042765805706,Ada,Jun
Laser,24,Carina,Jun
Radiometer,13.409613994413949,Ada,Jun
Thermometer,45.81052773754006,Bernd,Jun
Thermometer,0.6966689394953574,Daniel,Jun
Radiometer,0.7208024526284229,Daniel,Jun
Thermometer,24.058493223056466,Bernd,Jun
Radiometer,18.198764666725314,Bernd,Jun
Radiometer,2.2506182158981893,Daniel,Jun
Thermometer,4,Carina,Jun
Laser,34.14046535157445,Ada,Jun
Thermometer,62.92351629013597,Ada,Jun
Thermometer,24.863535828380144,Bernd,Jun
Radiometer,19.53407067901273,Bernd,Jun
Thermometer,29,Carina,Jun
Laser,11,Carina,Jun
Laser,10,Carina,Jun
Thermometer,2.206173841030312,Bernd,Jun
Laser,44.78412105956395,Ada,Jun
Thermometer,2,Carina,Jun
Radiometer,34,Carina,Jun
Laser,16,Carina,Jun
Radiometer,23,Carina,Jun
Thermometer,14,Carina,Jun
Thermometer,0.401164587797187,Bernd,Jun
Radiometer,13.884065806445598,Daniel,Jun
Thermometer,17.24239497359166,Bernd,Jun
Thermometer,47.7596648678982,Bernd,Jun
Laser,20.619431806350242,Bernd,Jun
Laser,10.626940877934487,Daniel,Jun
Radiometer,32.58757181635538,Bernd,Jun
Thermometer,17.44082842257345,Bernd,Jun
Thermometer,15.566018634995132,Daniel,Jun
Thermometer,45.00207775814884,Ada,Jun
Thermometer,8.102216510326087,Daniel,Jun
Thermometer,27.879713724552584,Bernd,Jun
Laser,8.424823778572389,Ada,Jun
Radiometer,31.434781095238794,Bernd,Jun
Laser,5.5766956978804405,Ada,Jun
Radiometer,16.235286022226646,Ada,Jun
Laser,27.892901583254556,Daniel,Jun
Radiometer,15,Carina,Jun
Laser,33.31882537658197,Bernd,Jun
Radiometer,1,Carina,Jun
Thermometer,24,Carina,Jun
Laser,28.472752304501704,Daniel,Jun
Radiometer,6,Carina,Jun
Laser,35,Carina,Jun
Thermometer,35,Carina,Jun
Laser,5,Carina,Jun
Thermometer,25.18176236347874,Daniel,Jun
Laser,7.871216786263336,Ada,Jun
Radiometer,40.83557741310811,Bernd,Jun
Radiometer,15.316904129604769,Daniel,Jun
Radiometer,37.74954604392682,Ada,Jun
Radiometer,40.811247516823045,Bernd,Jun
Laser,17.275288722494363,Daniel,Jun
Laser,40.226456496433684,Ada,Jun
Laser,40.375011973253415,Bernd,Jun
Radiometer,4.61542987177625,Daniel,Jun
Radiometer,1.424091521873407,Daniel,Jun
Radiometer,2.6819481688696145,Daniel,Jun
Laser,40.87064922206306,Bernd,Jun
Radiometer,0.9823152751661685,Daniel,Jun
Thermometer,36.7007999522455,Bernd,Jun
Laser,19.617753745341787,Bernd,Jun
Laser,30,Carina,Jun
Thermometer,6.114062789821789,Bernd,Jun
Thermometer,12,Carina,Jun
Laser,86.25489812219523,Ada,Jun
Radiometer,42.67420574657322,Ada,Jun
Thermometer,22.929668763786758,Bernd,Jun
Radiometer,61.36060779087047,Ada,Jun
Radiometer,23.0406145802974,Ada,Jun
Radiometer,9.142538465009961,Daniel,Jun
Radiometer,27,Carina,Jun
Laser,30.340516898486744,Daniel,Jun
Radiometer,1.986147087212209,Daniel,Jun
Thermometer,68.78826406878203,Ada,Jun
Laser,31,Carina,Jun
Radiometer,92.37786675516158,Ada,Jun
Radiometer,78.19217279067546,Ada,Jun
Radiometer,11.950670288148682,Daniel,Jun
Laser,28.71954275766907,Ada,Jun
Thermometer,66.26057591362067,Ada,Jun
Laser,5,Carina,Jun
Laser,14.036753629377463,Ada,Jun
Laser,8.268001628441088,Daniel,Jun
Thermometer,0.968956913182295,Bernd,Jun
Thermometer,0.5924402686949604,Ada,Jun
Laser,18.052938941591545,Bernd,Jun
Radiometer,94.21599169780161,Ada,Jul
Radiometer,10.894955553202944,Bernd,Jul
Laser,21.51161639143528,Daniel,Jul
Laser,15.831764389614376,Daniel,Jul
Laser,89.47939438421668,Ada,Jul
Thermometer,35.23538048265882,Ada,Jul
Laser,22,Carina,Jul
Laser,6.893982698222362,Bernd,Jul
Thermometer,30.131136026300553,Bernd,Jul
Laser,18.130099653553376,Ada,Jul
Radiometer,0.12600851135324165,Daniel,Jul
Laser,5.073646028507319,Daniel,Jul
Thermometer,99.73524930388663,Ada,Jul
Radiometer,5.584239719636946,Daniel,Jul
Thermometer,93.3675793212461,Ada,Jul
Radiometer,12,Carina,Jul
Thermometer,15.669896709189935,Ada,Jul
Laser,31,Carina,Jul
Laser,27.48324932966762,Bernd,Jul
Radiometer,14.291042950956006,Bernd,Jul
Thermometer,41.64272671681704,Daniel,Jul
Radiometer,42.25652141759279,Ada,Jul
Thermometer,11,Carina,Jul
Radiometer,9,Carina,Jul
Thermometer,9,Carina,Jul
Thermometer,27.21182159282497,Bernd,Jul
Laser,27.309330383580157,Daniel,Jul
Thermometer,3.8570137297637292,Daniel,Jul
Thermometer,19.494008418097458,Bernd,Jul
Radiometer,10,Carina,Jul
Radiometer,13,Carina,Jul
Laser,45.280670210269605,Bernd,Jul
Laser,34,Carina,Jul
Thermometer,2.2130494932985467,Daniel,Jul
Radiometer,9.627750202103364,Bernd,Jul
Thermometer,2.8850241984919807,Daniel,Jul
Thermometer,4.6039380652622395,Daniel,Jul
Radiometer,6,Carina,Jul
Laser,80.22924364810973,Ada,Jul
Laser,14,Carina,Jul
Laser,42.394753485582584,Ada,Jul
Radiometer,3,Carina,Jul
Thermometer,35.821302382134334,Bernd,Jul
Laser,42.434911037453595,Bernd,Jul
Radiometer,47.69490485711068,Ada,Jul
Thermometer,68.31676358152788,Ada,Jul
Laser,22.161976906978254,Ada,Jul
Laser,61.72525143347839,Ada,Jul
Radiometer,19.80944657230997,Bernd,Jul
Radiometer,6.533432327225347,Bernd,Jul
Thermometer,2.7982102772895976,Daniel,Jul
Thermometer,18,Carina,Jul
Thermometer,45.744351950418775,Bernd,Jul
Laser,33,Carina,Jul
Thermometer,6,Carina,Jul
Thermometer,44.23109698362187,Bernd,Jul
Thermometer,67.46110530752684,Ada,Jul
Thermometer,33.51569724975917,Bernd,Jul
Thermometer,32,Carina,Jul
Thermometer,26.370518763078525,Bernd,Jul
Laser,61.71424591436515,Ada,Jul
Thermometer,91.73562790239768,Ada,Jul
Laser,62.57665068130409,Ada,Jul
Thermometer,48.449069418155645,Bernd,Jul
Radiometer,38.92634119533806,Bernd,Jul
Thermometer,60.56057772274299,Ada,Jul
Radiometer,7.674645358145318,Daniel,Jul
Thermometer,25,Carina,Jul
Radiometer,23.0240088258164,Ada,Jul
Laser,39.06204789413643,Bernd,Jul
Thermometer,12,Carina,Jul
Thermometer,9,Carina,Jul
Laser,16.252644060369835,Daniel,Jul
Radiometer,0.19562221921514134,Bernd,Jul
Radiometer,7.968283204010673,Ada,Jul
Laser,31.472619108242906,Ada,Jul
Laser,8.720430443311521,Ada,Aug
Thermometer,8.673340104505101,Daniel,Aug
Thermometer,0.0,Daniel,Aug
Thermometer,20.96382383944036,Bernd,Aug
Laser,14,Carina,Aug
Laser,17,Carina,Aug
Radiometer,26.983085191688726,Ada,Aug
Radiometer,6.1382202933041805,Bernd,Aug
Radiometer,29.58209497913135,Bernd,Aug
Radiometer,22.27952772233247,Bernd,Aug
Radiometer,27.60721410449004,Daniel,Aug
Radiometer,21,Carina,Aug
Thermometer,37.95353076562778,Ada,Aug
Laser,14,Carina,Aug
Radiometer,43.42584712550138,Bernd,Aug
Thermometer,69.78773466560196,Ada,Aug
Laser,37.80413812240728,Bernd,Aug
Laser,46.40904453955548,Bernd,Aug
Radiometer,6.513455299663212,Daniel,Aug
Thermometer,45.505787428163636,Ada,Aug
Laser,35.01533480765768,Ada,Aug
Laser,30,Carina,Aug
Laser,22.80035163422445,Bernd,Aug
Radiometer,81.48954874201803,Ada,Aug
Thermometer,37.89117496477937,Bernd,Aug
Laser,73.50663572801245,Ada,Aug
Laser,89.61612451358327,Ada,Aug
Thermometer,14.763449937376672,Daniel,Aug
Thermometer,25.321328165990284,Daniel,Aug
Laser,35.044210056765955,Bernd,Aug
Radiometer,0.3727497710634964,Daniel,Aug
Radiometer,15.778436464596757,Bernd,Aug
Radiometer,4,Carina,Aug
Radiometer,3.1044001242863715,Bernd,Aug
Radiometer,14.040481188372716,Daniel,Aug
Thermometer,39.73606076699651,Ada,Aug
Laser,12.019919381390082,Bernd,Aug
Thermometer,75.72763887793563,Ada,Aug
Thermometer,5.494606443112304,Ada,Aug
Thermometer,4.570981360439511,Daniel,Aug
Radiometer,87.71763381380082,Ada,Aug
Thermometer,2.867430311983527,Daniel,Aug
Thermometer,72.8810067685725,Ada,Aug
Laser,27.55267382112157,Bernd,Aug
Radiometer,97.12899597693834,Ada,Aug
Thermometer,3,Carina,Aug
Laser,0.5475289021440533,Daniel,Aug
Radiometer,28,Carina,Aug
Laser,18.75978646087803,Bernd,Aug
Laser,26,Carina,Aug
Radiometer,23.178711062042726,Daniel,Aug
Thermometer,2.437587610525817,Daniel,Aug
Thermometer,17,Carina,Aug
Laser,34.3109786876541,Daniel,Aug
Radiometer,36.42316651980574,Bernd,Aug
Laser,9,Carina,Aug
Thermometer,34,Carina,Aug
Thermometer,5,Carina,Aug
Thermometer,17,Carina,Aug
Laser,43.98448049982123,Bernd,Aug
Thermometer,66.30126514836422,Ada,Aug
Thermometer,2.3844527827468767,Daniel,Aug
Thermometer,44.564328265329955,Daniel,Aug
Laser,16.562283207437638,Bernd,Aug
Laser,15.984595328303875,Bernd,Aug
Radiometer,22,Carina,Aug
Radiometer,30.01625606222209,Bernd,Aug
Radiometer,1.8303585169438419,Bernd,Aug
Radiometer,87.82380091207447,Ada,Aug
Radiometer,37.19474655609966,Bernd,Aug
Laser,6.151071522710233,Bernd,Aug
Thermometer,34,Carina,Aug
Laser,11,Carina,Aug
Laser,8.185978632671782,Daniel,Aug
Radiometer,33,Carina,Aug
Radiometer,7.080615287863362,Daniel,Sep
Laser,46.13267003703383,Ada,Sep
Radiometer,35.944295129457856,Ada,Sep
Radiometer,0.0,Daniel,Sep
Radiometer,32.35452886829534,Bernd,Sep
Laser,8.672852542275267,Ada,Sep
Radiometer,5.268940604081824,Daniel,Sep
Thermometer,85.88378480072,Ada,Sep
Laser,0.09523487289043153,Daniel,Sep
Radiometer,5.116382552128576,Daniel,Sep
Radiometer,10.512808723914075,Daniel,Sep
Thermometer,24,Carina,Sep
Radiometer,41.49768785946646,Bernd,Sep
Laser,49.08828510790989,Ada,Sep
Thermometer,79.71964282729876,Ada,Sep
Radiometer,0.0,Daniel,Sep
Laser,19,Carina,Sep
Radiometer,10,Carina,Sep
Laser,35,Carina,Sep
Thermometer,11.105215622473366,Daniel,Sep
Laser,51.46433621053394,Ada,Sep
Laser,17.94756462701988,Daniel,Sep
Thermometer,47.94288276374128,Ada,Sep
Radiometer,27.599044087295088,Bernd,Sep
Radiometer,97.12825478994188,Ada,Sep
Laser,46.31369587668974,Bernd,Sep
Radiometer,17.1696896696625,Daniel,Sep
Laser,23,Carina,Sep
Radiometer,0.9858417902074759,Daniel,Sep
Radiometer,45.05279051793715,Daniel,Sep
Radiometer,39.20994213879517,Bernd,Sep
Laser,93.80727656431237,Ada,Sep
Thermometer,28.568197759828422,Daniel,Sep
Thermometer,2.334545055144349,Bernd,Sep
Thermometer,10,Carina,Sep
Laser,18,Carina,Sep
Thermometer,14,Carina,Sep
Thermometer,46.0702452694435,Bernd,Sep
Thermometer,3,Carina,Sep
Laser,0.7108911116547989,Ada,Sep
Thermometer,19,Carina,Sep
Laser,32.917463685346995,Bernd,Sep
Thermometer,28,Carina,Sep
Radiometer,14,Carina,Sep
Thermometer,41.49281022286115,Bernd,Sep
Radiometer,18,Carina,Sep
Laser,34.16267967318941,Bernd,Sep
Laser,44.00392560894177,Bernd,Sep
Thermometer,8,Carina,Sep
Thermometer,1.5629225716424444,Ada,Sep
Laser,90.57164147795281,Ada,Sep
Radiometer,2.3604572265395536,Daniel,Sep
Radiometer,1,Carina,Sep
Radiometer,17,Carina,Sep
Thermometer,28,Carina,Sep
Radiometer,31.305367234818497,Bernd,Sep
Laser,17,Carina,Sep
Radiometer,89.97668028030222,Ada,Sep
Laser,19.95552124966344,Daniel,Sep
Radiometer,48.21085644526457,Bernd,Sep
Radiometer,35.031776892090136,Daniel,Sep
Laser,19,Carina,Sep
Radiometer,42.383661604050474,Daniel,Sep
Laser,70.7682102013171,Ada,Sep
Radiometer,2.1027631652224317,Daniel,Sep
Radiometer,0,Carina,Sep
Radiometer,18.574018231294602,Bernd,Sep
Radiometer,30,Carina,Sep
Thermometer,1,Carina,Sep
Thermometer,25.798391126058608,Ada,Sep
Radiometer,70.2465565218562,Ada,Sep
Radiometer,2.073756964169694,Daniel,Sep
Radiometer,33.4415692015707,Bernd,Sep
Thermometer,15.724178432768094,Daniel,Sep
Radiometer,27.555822965359244,Ada,Sep
Thermometer,27.150661529208946,Bernd,Sep
Laser,12.779593440645353,Daniel,Sep
Radiometer,13.496451954387567,Bernd,Sep
Thermometer,15.580120089208027,Ada,Sep
Laser,16,Carina,Sep
Thermometer,57.60678560991358,Ada,Sep
Thermometer,3.134915336941424,Daniel,Sep
Thermometer,31.461072238368747,Bernd,Sep
Thermometer,10,Carina,Sep
Laser,56.39932515545462,Ada,Sep
Radiometer,3.4863671456969723,Bernd,Sep
Thermometer,26.770710397945308,Ada,Sep
Laser,1.6485884788188705,Daniel,Sep
Laser,15,Carina,Sep
Thermometer,23.167959238597764,Bernd,Sep
Laser,46.02483440636048,Bernd,Sep
Laser,42.52184271096085,Bernd,Sep
Radiometer,5.173818942328011,Daniel,Sep
Radiometer,10.625816593974358,Bernd,Sep
Laser,13,Carina,Sep
Thermometer,34.101578977385614,Bernd,Sep
Radiometer,5.923765202149366,Daniel,Sep
Thermometer,76.75702568066463,Ada,Sep
Thermometer,78.87428817222415,Ada,Sep
Laser,13.521943633936976,Daniel,Sep
Radiometer,14.388139074859447,Daniel,Sep
Radiometer,4.319201406943723,Daniel,Sep
Radiometer,31.234791476947056,Ada,Sep
Radiometer,11.693949547311377,Daniel,Sep
Laser,0.6489976264090174,Daniel,Sep
Thermometer,10.662707653598156,Daniel,Sep
Radiometer,1.9302379532366887,Daniel,Sep
Laser,69.8063317364533,Ada,Sep
Radiometer,16.339503431868437,Bernd,Sep
Radiometer,18.524862126024036,Daniel,Sep
Thermometer,2.943277672332056,Daniel,Sep
Thermometer,34.88542356240699,Ada,Sep
Thermometer,74.23638930498258,Ada,Sep
Thermometer,44.91756909561718,Bernd,Sep
Radiometer,7.496351781065213,Ada,Sep
Thermometer,46.21356179530151,Bernd,Sep
Thermometer,30.447093189042025,Bernd,Sep
Radiometer,49.268609850348156,Ada,Sep
Laser,25.114723873245804,Daniel,Sep
Radiometer,3.8515609684157073,Daniel,Sep
Radiometer,13.88412651534357,Bernd,Sep
Laser,11,Carina,Sep
Radiometer,27,Carina,Sep
Thermometer,50.72866628564763,Ada,Sep
Laser,24,Carina,Sep
Radiometer,3.8088007992275683,Bernd,Sep
Laser,39.33947862117718,Daniel,Sep
Thermometer,28.4364602203242,Bernd,Sep
Radiometer,90.30243048293006,Ada,Sep
Laser,11.270839624394242,Bernd,Sep
Radiometer,6.044556884547621,Daniel,Sep
Radiometer,23,Carina,Sep
Laser,9.870006750219675,Daniel,Sep
Thermometer,4.587354992533451,Daniel,Sep
Laser,9.938188856320378,Bernd,Sep
Thermometer,72.5381919983929,Ada,Sep
Laser,32,Carina,Sep
Radiometer,45.324557423917014,Bernd,Sep
Laser,48.887596250498554,Ada,Sep
Laser,50.93083104172402,Ada,Okt
Radiometer,45.71150120798673,Bernd,Okt
Radiometer,8,Carina,Okt
Laser,15,Carina,Okt
Radiometer,1,Carina,Okt
Thermometer,26.06747253550754,Bernd,Okt
Laser,23,Carina,Okt
Radiometer,40.563658839098174,Bernd,Okt
Thermometer,12,Carina,Okt
Thermometer,31,Carina,Okt
Radiometer,6,Carina,Okt
Laser,11.419502791382225,Bernd,Okt
Laser,33,Carina,Okt
Thermometer,33.64547627177063,Bernd,Okt
Radiometer,28,Carina,Okt
Radiometer,2.8753990560709175,Daniel,Okt
Radiometer,37.624227705299,Ada,Okt
Thermometer,35,Carina,Okt
Radiometer,6.817546431128424,Bernd,Okt
Laser,8.3353947008943,Bernd,Okt
Laser,35.92361421565698,Bernd,Okt
Laser,31,Carina,Okt
Thermometer,3.2806712869848216,Daniel,Okt
Laser,32.663701053274174,Ada,Okt
Laser,10,Carina,Okt
Thermometer,29.691005769845198,Bernd,Okt
Thermometer,37.263042606070805,Ada,Okt
Radiometer,19,Carina,Okt
Laser,4.232342425037908,Daniel,Okt
Thermometer,6.1415647868571135,Daniel,Okt
Radiometer,34,Carina,Okt
Radiometer,25,Carina,Okt
Radiometer,14,Carina,Okt
Radiometer,17.578335876276604,Daniel,Okt
Radiometer,47.126410034374196,Bernd,Okt
Radiometer,2.956388871860327,Bernd,Okt
Radiometer,2.43225592279113,Daniel,Okt
Laser,4.047965888054826,Daniel,Okt
Laser,8.843745149965589,Daniel,Okt
Thermometer,88.93517057931759,Ada,Okt
Thermometer,19,Carina,Okt
Thermometer,31.72323140389774,Bernd,Okt
Laser,23.63961157405865,Daniel,Okt
Thermometer,44.61999420159766,Bernd,Okt
Laser,27,Carina,Okt
Radiometer,4.831230264795919,Daniel,Okt
Radiometer,47.82841844865886,Ada,Okt
Thermometer,3.1002803776662358,Daniel,Okt
Laser,35,Carina,Okt
Thermometer,26.846380253075843,Ada,Okt
Radiometer,51.384757784086624,Ada,Okt
Thermometer,0.21978268978381865,Daniel,Okt
Laser,12,Carina,Okt
Thermometer,45.995743757816705,Bernd,Okt
Laser,36.44034003407333,Bernd,Okt
Thermometer,27,Carina,Okt
Laser,34.66078698459358,Bernd,Okt
Thermometer,21.697300805591656,Bernd,Okt
Thermometer,26.625831359429842,Ada,Okt
Radiometer,1.3338051158210034,Daniel,Okt
Radiometer,49.419540676350174,Ada,Okt
Thermometer,47.747733482884684,Ada,Okt
Thermometer,6,Carina,Okt
Thermometer,30.959287851907714,Bernd,Okt
Radiometer,8.60184839176553,Daniel,Okt
Radiometer,45.244983414425974,Bernd,Okt
Thermometer,17.53353237254281,Bernd,Okt
Laser,10.025248284315182,Daniel,Okt
Laser,24.425670654568215,Daniel,Okt
Laser,12.440129946045852,Ada,Okt
Radiometer,44.82468224456759,Bernd,Okt
Radiometer,47.89332149331186,Bernd,Okt
Thermometer,35,Carina,Okt
Laser,0.22832910079901847,Ada,Okt
Thermometer,1.431514744420259,Daniel,Okt
Thermometer,0.5723164994800043,Daniel,Okt
Laser,8.727623545274227,Daniel,Okt
Radiometer,10,Carina,Okt
Laser,26,Carina,Okt
Thermometer,6.883569317114436,Ada,Okt
Laser,76.45130928693294,Ada,Okt
Laser,0.1608796243822712,Daniel,Okt
Thermometer,6.8326411856484,Daniel,Okt
Thermometer,8.81344109464025,Ada,Okt
Radiometer,4.003132642851626,Daniel,Okt
Radiometer,44.754525164549115,Bernd,Okt
Laser,16,Carina,Okt
Laser,22,Carina,Okt
Radiometer,15,Carina,Okt
Laser,94.64236293545802,Ada,Okt
Laser,17,Carina,Okt
Radiometer,18.346774329914258,Bernd,Okt
Thermometer,22.932453125023805,Bernd,Okt
Laser,6.522140273077925,Ada,Okt
Radiometer,39.72162221616817,Bernd,Okt
Thermometer,29.71065301655748,Bernd,Okt
Laser,2.8356674144397953,Daniel,Okt
Radiometer,72.2416679934407,Ada,Okt
Laser,2.197191368139395,Daniel,Okt
Radiometer,73.11678056232351,Ada,Okt
Laser,8.029861444964714,Bernd,Okt
Radiometer,43.49581964307955,Bernd,Okt
Radiometer,24.780442447994616,Bernd,Okt
Laser,35.87630275290209,Bernd,Okt
Laser,34,Carina,Okt
Thermometer,83.55211514312983,Ada,Nov
Laser,15,Carina,Nov
Laser,17.15629731876158,Daniel,Nov
Laser,30.723921999879092,Daniel,Nov
Laser,51.22185836026285,Ada,Nov
Laser,6,Carina,Nov
Radiometer,14.713434959807097,Bernd,Nov
Laser,14,Carina,Nov
Laser,32.09975124564487,Bernd,Nov
Radiometer,84.50842764140386,Ada,Nov
Thermometer,36.675848774597355,Bernd,Nov
Thermometer,11.580449642155328,Bernd,Nov
Thermometer,86.77191987650677,Ada,Nov
Radiometer,44.59359487893867,Bernd,Nov
Radiometer,19.605795822766147,Daniel,Nov
Thermometer,18.153269288488143,Bernd,Nov
Radiometer,32.441245395325545,Bernd,Nov
Laser,24.335365946366966,Daniel,Nov
Thermometer,21.43502322835414,Bernd,Nov
Radiometer,11,Carina,Nov
Radiometer,11,Carina,Nov
Laser,33,Carina,Nov
Radiometer,25,Carina,Nov
Laser,41.01046858585107,Bernd,Nov
Radiometer,16.856813978284784,Daniel,Nov
Thermometer,1.57946103666516,Daniel,Nov
Radiometer,15.289883592380233,Daniel,Nov
Thermometer,22.795498785701973,Ada,Nov
Radiometer,95.18636360532827,Ada,Nov
Radiometer,9.773055830430867,Bernd,Nov
Laser,45.66346608980471,Ada,Nov
Radiometer,33,Carina,Nov
Radiometer,9.883915631526701,Bernd,Nov
Laser,65.2034446569941,Ada,Nov
Laser,7.153618369696768,Bernd,Nov
Radiometer,23,Carina,Nov
Radiometer,17,Carina,Nov
Thermometer,5.169367919039397,Bernd,Nov
Laser,34.13622916971068,Bernd,Nov
Thermometer,83.49691523246094,Ada,Nov
Radiometer,33.16610744767912,Ada,Nov
Radiometer,77.54801100895632,Ada,Nov
Laser,29.69747723127742,Daniel,Nov
Laser,4.675600576775708,Daniel,Nov
Thermometer,22,Carina,Nov
Thermometer,23.73954407843327,Daniel,Nov
Radiometer,17.06101221752152,Daniel,Nov
Thermometer,14,Carina,Nov
Laser,3.819627932385336,Daniel,Nov
Radiometer,16,Carina,Nov
Radiometer,42.23858960678583,Bernd,Nov
Thermometer,4.37359476156746,Daniel,Nov
Radiometer,4.47003637268666,Daniel,Nov
Laser,0.18420280169723036,Daniel,Nov
Radiometer,5.850792665130189,Ada,Nov
Laser,44.4950048166812,Ada,Nov
Laser,28.5342869280365,Ada,Nov
Radiometer,8.041593390591698,Daniel,Nov
Radiometer,9.12688800045027,Daniel,Nov
Thermometer,31.763068738727508,Daniel,Nov
Thermometer,66.27721446810496,Ada,Nov
Laser,26.1192685245706,Daniel,Nov
Thermometer,30,Carina,Nov
Thermometer,21.220230489281878,Bernd,Nov
Laser,13.487960728636436,Daniel,Nov
Radiometer,28,Carina,Nov
Thermometer,39.79551286779933,Ada,Nov
Radiometer,12,Carina,Nov
Radiometer,19.482436053398033,Daniel,Nov
Radiometer,32.816353898510826,Bernd,Nov
Laser,30,Carina,Nov
Laser,43.78427770621815,Bernd,Nov
Laser,6.3370040422703315,Daniel,Nov
Thermometer,34,Carina,Nov
Radiometer,91.18482400912603,Ada,Nov
Thermometer,7.255927520808614,Ada,Nov
Thermometer,16.74624231296248,Daniel,Nov
Laser,22,Carina,Nov
Radiometer,37.27165013531987,Bernd,Nov
Laser,9.59385013442285,Bernd,Nov
Thermometer,22.74239025568432,Ada,Nov
Thermometer,3.8449807758209302,Daniel,Nov
Thermometer,16,Carina,Nov
Laser,38.18539103155739,Bernd,Nov
Thermometer,18,Carina,Nov
Thermometer,8.005133860579527,Daniel,Nov
Radiometer,14,Carina,Nov
Radiometer,89.31749801556364,Ada,Nov
Laser,38.288123170946434,Bernd,Nov
Thermometer,2.2191000467852557,Daniel,Nov
Laser,22.459990956324226,Ada,Nov
Laser,17.96216019968828,Ada,Nov
Thermometer,96.29040760385796,Ada,Nov
Thermometer,3.2584221505867026,Daniel,Nov
Laser,52.33198864280626,Ada,Nov
Laser,22,Carina,Nov
Laser,30,Carina,Nov
Radiometer,2.010504420610763,Daniel,Nov
Thermometer,72.87412459613529,Ada,Nov
Thermometer,3.8325183336937765,Daniel,Nov
Radiometer,18,Carina,Nov
Laser,1.1286231623525211,Bernd,Nov
Thermometer,23,Carina,Nov
Thermometer,20,Carina,Nov
Radiometer,5.605700484610105,Bernd,Nov
Radiometer,56.6758651710207,Ada,Nov
Radiometer,3,Carina,Nov
Laser,36.609919414512454,Bernd,Nov
Thermometer,9.397243673696254,Ada,Nov
Thermometer,4.797555986162256,Daniel,Nov
Radiometer,28,Carina,Nov
Radiometer,25.07779175676082,Bernd,Nov
Radiometer,5.3293171845034975,Daniel,Nov
Thermometer,86.99064621111123,Ada,Nov
Radiometer,29,Carina,Nov
Laser,7.155364956054955,Daniel,Nov
Radiometer,0.13228179698120313,Daniel,Nov
Laser,61.62069158741424,Ada,Nov
Thermometer,0.2766251033493261,Bernd,Nov
Thermometer,23.027548136544237,Daniel,Nov
Thermometer,62.309859008928555,Ada,Nov
Radiometer,15,Carina,Nov
Radiometer,80.01610671745249,Ada,Nov
Thermometer,5,Carina,Nov
Radiometer,53.79978159291089,Ada,Nov
Thermometer,10.149734964225383,Bernd,Nov
Laser,3.6582862378723546,Bernd,Nov
Laser,13,Carina,Nov
Thermometer,7.937705292807689,Bernd,Nov
Laser,32.42887658956986,Daniel,Nov
Radiometer,53.4802505894209,Ada,Nov
Radiometer,43.07681394715311,Ada,Nov
Thermometer,15.691664096192268,Daniel,Nov
Laser,7.690016339248812,Bernd,Nov
Thermometer,9.293266875262397,Ada,Nov
Laser,43.81688655327894,Ada,Nov
Radiometer,15.544194113982968,Daniel,Nov
Radiometer,0.0,Daniel,Nov
Laser,26,Carina,Nov
Laser,9.072008319900293,Bernd,Nov
Thermometer,17.940635878329143,Bernd,Nov
Laser,9,Carina,Nov
Laser,49.73034636999015,Bernd,Nov
Thermometer,26.620966747001205,Daniel,Nov
Laser,1,Carina,Dez
Thermometer,96.97704146543774,Ada,Dez
Laser,16.61813620916883,Bernd,Dez
Laser,10.68999173398994,Bernd,Dez
Laser,51.89182915554256,Ada,Dez
Thermometer,4.033610014991238,Daniel,Dez
Laser,29,Carina,Dez
Thermometer,8.682912462579434,Bernd,Dez
Thermometer,11.360884348025934,Ada,Dez
Radiometer,13.267968336955374,Daniel,Dez
Radiometer,14.02982108884318,Daniel,Dez
Radiometer,1,Carina,Dez
Thermometer,0.7856376519003228,Bernd,Dez
Thermometer,29,Carina,Dez
Radiometer,9.81620432459332,Bernd,Dez
Laser,3.5406378320850243,Daniel,Dez
Thermometer,19,Carina,Dez
Thermometer,27.015317025842215,Daniel,Dez
Laser,3.454369206623703,Bernd,Dez
Laser,9.809889220877404,Daniel,Dez
Laser,70.157666580575,Ada,Dez
Radiometer,4.040504287199115,Bernd,Dez
Radiometer,4.773839455899526,Bernd,Dez
Laser,16.085859217515402,Daniel,Dez
Laser,38.628146883060474,Ada,Dez
Thermometer,0.04788687600089103,Bernd,Dez
Radiometer,21,Carina,Dez
Thermometer,5.051498566017557,Daniel,Dez
Radiometer,6.423258486323297,Bernd,Dez
Laser,39.76495251668973,Bernd,Dez
Laser,67.89525879051736,Ada,Dez
Thermometer,48.36240112024293,Bernd,Dez
Laser,32,Carina,Dez
Laser,40.91455034629185,Ada,Dez
Thermometer,7.112440168231893,Daniel,Dez
Laser,22.20659717161221,Ada,Dez
Radiometer,16.297830211422394,Bernd,Dez
Radiometer,24,Carina,Dez
Thermometer,30.804920743568253,Ada,Dez
Laser,0.8999597365863913,Daniel,Dez
Radiometer,98.95838973743342,Ada,Dez
Radiometer,2.487362363082795,Daniel,Dez
Thermometer,0.0,Daniel,Dez
Laser,95.67497553744143,Ada,Dez
Thermometer,18,Carina,Dez
Laser,10.94317554901512,Daniel,Dez
Radiometer,23.389450661743826,Ada,Dez
Laser,81.41949789957934,Ada,Dez
Laser,23.425051610499214,Bernd,Dez
Radiometer,48.53625868408608,Bernd,Dez
Laser,40.88662618775607,Ada,Dez
Radiometer,78.58460605643505,Ada,Dez
Laser,24.904454009462242,Daniel,Dez
Laser,20,Carina,Dez
Laser,0.17516236137500418,Daniel,Dez
Radiometer,21,Carina,Dez
Thermometer,22.801375512911864,Bernd,Dez
Laser,1.2087656492153376,Bernd,Dez
Laser,16.906198956561283,Daniel,Dez
Laser,7.8293217148203365,Ada,Dez
Laser,43.30434657908062,Bernd,Dez
Laser,14.023417384628978,Daniel,Dez
Thermometer,0,Carina,Dez
Laser,0,Carina,Dez
Thermometer,16.08698844635145,Bernd,Dez
Radiometer,5.345740729175533,Daniel,Dez
Laser,27,Carina,Dez
Radiometer,8.608087253721319,Bernd,Dez
Laser,3.0641056548258225,Daniel,Dez
Thermometer,24.510101053596706,Daniel,Dez
Thermometer,45.66618966386882,Ada,Dez
Thermometer,24,Carina,Dez
Radiometer,11.366590762629741,Bernd,Dez
Thermometer,50.290143835951994,Ada,Dez
Laser,41.68698981965614,Bernd,Dez
Laser,20.997071849624266,Bernd,Dez
Laser,1.214906783994374,Bernd,Dez
Radiometer,11.928938539833423,Bernd,Dez
Radiometer,88.88364676560609,Ada,Dez
Radiometer,0.6694143452519064,Daniel,Dez
Radiometer,14.634756574083244,Daniel,Dez
Laser,19.330135863169062,Bernd,Dez
Radiometer,4.744268472957686,Daniel,Dez
Thermometer,23.260249647100316,Ada,Dez
Laser,0.909736286065429,Daniel,Dez
Thermometer,1.533268458145437,Bernd,Dez
Thermometer,17.97631992584588,Bernd,Dez
Thermometer,14.65523207821261,Bernd,Dez
Thermometer,44.23617819270541,Ada,Dez
Radiometer,37.288747765974776,Bernd,Dez
Laser,58.574981804618865,Ada,Dez
Radiometer,1.9397913540043388,Daniel,Dez
Thermometer,9.824876058504657,Daniel,Dez
Laser,15.72210341838196,Ada,Dez
Radiometer,19,Carina,Dez
Thermometer,34,Carina,Dez
Laser,28,Carina,Dez
Laser,21.80025372138769,Bernd,Dez
Thermometer,17,Carina,Dez
Radiometer,5,Carina,Dez
